Workbook
Name activeemp: Analysis1!$I$22
Name attriterate: Analysis1!$I$21
Name attritionrate: Table3[[#Totals],[Attrition Rate]]
Name Avgsalary: Analysis1!$I$27
Name avgscore: Analysis1!$I$28
Name Deptnum: Analysis1!$I$20
Name leftemp: Analysis1!$I$23
Name resignemp: Analysis1!$I$24
Name Slicer_Clean_Employment_Status: #N/A
Name Slicer_Departmental_Name: #N/A
Name sumbonus: Analysis1!$I$29
Name Totalemp: Analysis1!$I$25
Name Totalsalary: Analysis1!$I$26

Sheet Raw_Employee_Data
A1: Emp ID | B1: First_Name | C1: Last_Name | D1: Full_Name | E1: Dept Code | F1: Hire Date | G1: Departmental Name | H1: Clean Hire Date | I1: Salary | J1: Perf_Score | K1: Employment Status | L1: Clean Employment Status | M1: Year of Service | N1: Performance Band | O1: Eligible Bonus Amount
A2: EMP127 | B2: Emily | C2: Brown | D2: =_xlfn.TEXTJOIN(" ", TRUE, B2, C2) -> Emily Brown | E2: IT02 | F2: 43093 | G2: =VLOOKUP(E2, Lookup_Departments!$A$2:$B$6, 2, FALSE) -> Information Technology | H2: =IFERROR(DATEVALUE(F2), F2) -> 43093 | I2: 50361 | J2: 52 | K2: Active | L2: =TRIM(K2) -> Active | M2: =ROUNDDOWN(YEARFRAC(H2, TODAY()), 2) &" " & "Years" -> 8.53 Years | N2: =VLOOKUP(J2, Lookup_Performance!$A$2:$D$6, 3, TRUE) -> Developing | O2: =I2 * VLOOKUP(J2, Lookup_Performance!$A$2:$D$6, 4, TRUE) -> 1007.22
A3: EMP046 | B3: Richard | C3: Hernandez | D3: =_xlfn.TEXTJOIN(" ", TRUE, B3, C3) -> Richard Hernandez | E3: MKT04 | F3: 44659 | G3: =VLOOKUP(E3, Lookup_Departments!$A$2:$B$7, 2, FALSE) -> Marketing | H3: =IFERROR(DATEVALUE(F3), F3) -> 44659 | I3: 112673 | J3: 68.08 | K3: Active | L3: =TRIM(K3) -> Active | M3: =ROUNDDOWN(YEARFRAC(H3, TODAY()), 2) &" " & "Years" -> 4.24 Years | N3: =VLOOKUP(J3, Lookup_Performance!$A$2:$D$6, 3, TRUE) -> Developing | O3: =I3 * VLOOKUP(J3, Lookup_Performance!$A$2:$D$6, 4, TRUE) -> 2253.46
A4: EMP134 | B4: Emily | C4: Gonzalez | D4: =_xlfn.TEXTJOIN(" ", TRUE, B4, C4) -> Emily Gonzalez | E4: IT02 | F4: 42431 | G4: =VLOOKUP(E4, Lookup_Departments!$A$2:$B$7, 2, FALSE) -> Information Technology | H4: =IFERROR(DATEVALUE(F4), F4) -> 42431 | I4: 114425 | J4: 54 | K4: Left | L4: =TRIM(K4) -> Left | M4: =ROUNDDOWN(YEARFRAC(H4, TODAY()), 2) &" " & "Years" -> 10.34 Years | N4: =VLOOKUP(J4, Lookup_Performance!$A$2:$D$6, 3, TRUE) -> Developing | O4: =I4 * VLOOKUP(J4, Lookup_Performance!$A$2:$D$6, 4, TRUE) -> 2288.5
A5: EMP139 | B5: John | C5: Martinez | D5: =_xlfn.TEXTJOIN(" ", TRUE, B5, C5) -> John Martinez | E5: FIN03 | F5: 45110 | G5: =VLOOKUP(E5, Lookup_Departments!$A$2:$B$7, 2, FALSE) -> Finance | H5: =IFERROR(DATEVALUE(F5), F5) -> 45110 | I5: 103831 | J5: 70 | K5: Active | L5: =TRIM(K5) -> Active | M5: =ROUNDDOWN(YEARFRAC(H5, TODAY()), 2) &" " & "Years" -> 3 Years | N5: =VLOOKUP(J5, Lookup_Performance!$A$2:$D$6, 3, TRUE) -> Achieving | O5: =I5 * VLOOKUP(J5, Lookup_Performance!$A$2:$D$6, 4, TRUE) -> 5191.55
A6: EMP112 | B6: Thomas | C6: Smith | D6: =_xlfn.TEXTJOIN(" ", TRUE, B6, C6) -> Thomas Smith | E6: IT02 | F6: 44977 | G6: =VLOOKUP(E6, Lookup_Departments!$A$2:$B$7, 2, FALSE) -> Information Technology | H6: =IFERROR(DATEVALUE(F6), F6) -> 44977 | I6: 73785 | J6: 40 | K6: Left | L6: =TRIM(K6) -> Left | M6: =ROUNDDOWN(YEARFRAC(H6, TODAY()), 2) &" " & "Years" -> 3.37 Years | N6: =VLOOKUP(J6, Lookup_Performance!$A$2:$D$6, 3, TRUE) -> Needs Improvement | O6: =I6 * VLOOKUP(J6, Lookup_Performance!$A$2:$D$6, 4, TRUE) -> 0
A7: EMP030 | B7: Emily | C7: Johnson | D7: =_xlfn.TEXTJOIN(" ", TRUE, B7, C7) -> Emily Johnson | E7: OPS06 | F7: 43892 | G7: =VLOOKUP(E7, Lookup_Departments!$A$2:$B$7, 2, FALSE) -> Operations | H7: =IFERROR(DATEVALUE(F7), F7) -> 43892 | I7: 115882 | J7: 49 | K7: Active | L7: =TRIM(K7) -> Active | M7: =ROUNDDOWN(YEARFRAC(H7, TODAY()), 2) &" " & "Years" -> 6.34 Years | N7: =VLOOKUP(J7, Lookup_Performance!$A$2:$D$6, 3, TRUE) -> Needs Improvement | O7: =I7 * VLOOKUP(J7, Lookup_Performance!$A$2:$D$6, 4, TRUE) -> 0
A8: EMP096 | B8: John | C8: Wilson | D8: =_xlfn.TEXTJOIN(" ", TRUE, B8, C8) -> John Wilson | E8: OPS06 | F8: 45272 | G8: =VLOOKUP(E8, Lookup_Departments!$A$2:$B$7, 2, FALSE) -> Operations | H8: =IFERROR(DATEVALUE(F8), F8) -> 45272 | I8: 59980 | J8: 70 | K8: Left | L8: =TRIM(K8) -> Left | M8: =ROUNDDOWN(YEARFRAC(H8, TODAY()), 2) &" " & "Years" -> 2.56 Years | N8: =VLOOKUP(J8, Lookup_Performance!$A$2:$D$6, 3, TRUE) -> Achieving | O8: =I8 * VLOOKUP(J8, Lookup_Performance!$A$2:$D$6, 4, TRUE) -> 2999
A9: EMP098 | B9: Jessica | C9: Smith | D9: =_xlfn.TEXTJOIN(" ", TRUE, B9, C9) -> Jessica Smith | E9: OPS06 | F9: 44174 | G9: =VLOOKUP(E9, Lookup_Departments!$A$2:$B$7, 2, FALSE) -> Operations | H9: =IFERROR(DATEVALUE(F9), F9) -> 44174 | I9: 68728 | J9: 45 | K9: Active | L9: =TRIM(K9) -> Active | M9: =ROUNDDOWN(YEARFRAC(H9, TODAY()), 2) &" " & "Years" -> 5.57 Years | N9: =VLOOKUP(J9, Lookup_Performance!$A$2:$D$6, 3, TRUE) -> Needs Improvement | O9: =I9 * VLOOKUP(J9, Lookup_Performance!$A$2:$D$6, 4, TRUE) -> 0
A10: EMP095 | C10: Rodriguez | D10: =_xlfn.TEXTJOIN(" ", TRUE, B10, C10) -> Rodriguez | E10: FIN03 | F10: 43107 | G10: =VLOOKUP(E10, Lookup_Departments!$A$2:$B$7, 2, FALSE) -> Finance | H10: =IFERROR(DATEVALUE(F10), F10) -> 43107 | I10: 102139 | J10: 79 | K10: Active | L10: =TRIM(K10) -> Active | M10: =ROUNDDOWN(YEARFRAC(H10, TODAY()), 2) &" " & "Years" -> 8.49 Years | N10: =VLOOKUP(J10, Lookup_Performance!$A$2:$D$6, 3, TRUE) -> Achieving | O10: =I10 * VLOOKUP(J10, Lookup_Performance!$A$2:$D$6, 4, TRUE) -> 5106.95
A11: EMP140 | B11: Michael | C11: Martinez | D11: =_xlfn.TEXTJOIN(" ", TRUE, B11, C11) -> Michael Martinez | E11: SAL05 | F11: 42676 | G11: =VLOOKUP(E11, Lookup_Departments!$A$2:$B$7, 2, FALSE) -> Sales | H11: =IFERROR(DATEVALUE(F11), F11) -> 42676 | I11: 94998 | J11: 58 | K11: Active | L11: =TRIM(K11) -> Active | M11: =ROUNDDOWN(YEARFRAC(H11, TODAY()), 2) &" " & "Years" -> 9.67 Years | N11: =VLOOKUP(J11, Lookup_Performance!$A$2:$D$6, 3, TRUE) -> Developing | O11: =I11 * VLOOKUP(J11, Lookup_Performance!$A$2:$D$6, 4, TRUE) -> 1899.96
A12: EMP020 | B12: Emily | C12: Miller | D12: =_xlfn.TEXTJOIN(" ", TRUE, B12, C12) -> Emily Miller | E12: SAL05 | F12: 43911 | G12: =VLOOKUP(E12, Lookup_Departments!$A$2:$B$7, 2, FALSE) -> Sales | H12: =IFERROR(DATEVALUE(F12), F12) -> 43911 | I12: 118635 | J12: 49 | K12: Active | L12: =TRIM(K12) -> Active | M12: =ROUNDDOWN(YEARFRAC(H12, TODAY()), 2) &" " & "Years" -> 6.29 Years | N12: =VLOOKUP(J12, Lookup_Performance!$A$2:$D$6, 3, TRUE) -> Needs Improvement | O12: =I12 * VLOOKUP(J12, Lookup_Performance!$A$2:$D$6, 4, TRUE) -> 0
A13: EMP057 | B13: Emily | C13: Hernandez | D13: =_xlfn.TEXTJOIN(" ", TRUE, B13, C13) -> Emily Hernandez | E13: IT02 | F13: 42425 | G13: =VLOOKUP(E13, Lookup_Departments!$A$2:$B$7, 2, FALSE) -> Information Technology | H13: =IFERROR(DATEVALUE(F13), F13) -> 42425 | I13: 76918 | J13: 62 | K13: Active | L13: =TRIM(K13) -> Active | M13: =ROUNDDOWN(YEARFRAC(H13, TODAY()), 2) &" " & "Years" -> 10.36 Years | N13: =VLOOKUP(J13, Lookup_Performance!$A$2:$D$6, 3, TRUE) -> Developing | O13: =I13 * VLOOKUP(J13, Lookup_Performance!$A$2:$D$6, 4, TRUE) -> 1538.36
A14: EMP016 | B14: Jane | C14: Williams | D14: =_xlfn.TEXTJOIN(" ", TRUE, B14, C14) -> Jane Williams | E14: MKT04 | F14: 44364 | G14: =VLOOKUP(E14, Lookup_Departments!$A$2:$B$7, 2, FALSE) -> Marketing | H14: =IFERROR(DATEVALUE(F14), F14) -> 44364 | I14: 61408 | J14: 48 | K14: Active | L14: =TRIM(K14) -> Active | M14: =ROUNDDOWN(YEARFRAC(H14, TODAY()), 2) &" " & "Years" -> 5.05 Years | N14: =VLOOKUP(J14, Lookup_Performance!$A$2:$D$6, 3, TRUE) -> Needs Improvement | O14: =I14 * VLOOKUP(J14, Lookup_Performance!$A$2:$D$6, 4, TRUE) -> 0
A15: EMP070 | B15: Jane | C15: Miller | D15: =_xlfn.TEXTJOIN(" ", TRUE, B15, C15) -> Jane Miller | E15: MKT04 | F15: 44001 | G15: =VLOOKUP(E15, Lookup_Departments!$A$2:$B$7, 2, FALSE) -> Marketing | H15: =IFERROR(DATEVALUE(F15), F15) -> 44001 | I15: 99990 | J15: 54 | K15: Active | L15: =TRIM(K15) -> Active | M15: =ROUNDDOWN(YEARFRAC(H15, TODAY()), 2) &" " & "Years" -> 6.04 Years | N15: =VLOOKUP(J15, Lookup_Performance!$A$2:$D$6, 3, TRUE) -> Developing | O15: =I15 * VLOOKUP(J15, Lookup_Performance!$A$2:$D$6, 4, TRUE) -> 1999.8
A16: EMP025 | B16: Robert | C16: Jones | D16: =_xlfn.TEXTJOIN(" ", TRUE, B16, C16) -> Robert Jones | E16: MKT04 | F16: 43820 | G16: =VLOOKUP(E16, Lookup_Departments!$A$2:$B$7, 2, FALSE) -> Marketing | H16: =IFERROR(DATEVALUE(F16), F16) -> 43820 | I16: 80385 | J16: 68.08 | K16: Active | L16: =TRIM(K16) -> Active | M16: =ROUNDDOWN(YEARFRAC(H16, TODAY()), 2) &" " & "Years" -> 6.54 Years | N16: =VLOOKUP(J16, Lookup_Performance!$A$2:$D$6, 3, TRUE) -> Developing | O16: =I16 * VLOOKUP(J16, Lookup_Performance!$A$2:$D$6, 4, TRUE) -> 1607.7
A17: EMP031 | B17: Thomas | C17: Rodriguez | D17: =_xlfn.TEXTJOIN(" ", TRUE, B17, C17) -> Thomas Rodriguez | E17: SAL05 | F17: 45169 | G17: =VLOOKUP(E17, Lookup_Departments!$A$2:$B$7, 2, FALSE) -> Sales | H17: =IFERROR(DATEVALUE(F17), F17) -> 45169 | I17: 65290 | J17: 77 | K17: Active | L17: =TRIM(K17) -> Active | M17: =ROUNDDOWN(YEARFRAC(H17, TODAY()), 2) &" " & "Years" -> 2.85 Years | N17: =VLOOKUP(J17, Lookup_Performance!$A$2:$D$6, 3, TRUE) -> Achieving | O17: =I17 * VLOOKUP(J17, Lookup_Performance!$A$2:$D$6, 4, TRUE) -> 3264.5
A18: EMP126 | B18: Emily | C18: Davis | D18: =_xlfn.TEXTJOIN(" ", TRUE, B18, C18) -> Emily Davis | E18: IT02 | F18: 42337 | G18: =VLOOKUP(E18, Lookup_Departments!$A$2:$B$7, 2, FALSE) -> Information Technology | H18: =IFERROR(DATEVALUE(F18), F18) -> 42337 | I18: 105765 | J18: 42 | K18: Active | L18: =TRIM(K18) -> Active | M18: =ROUNDDOWN(YEARFRAC(H18, TODAY()), 2) &" " & "Years" -> 10.6 Years | N18: =VLOOKUP(J18, Lookup_Performance!$A$2:$D$6, 3, TRUE) -> Needs Improvement | O18: =I18 * VLOOKUP(J18, Lookup_Performance!$A$2:$D$6, 4, TRUE) -> 0
A19: EMP109 | B19: James | C19: Martinez | D19: =_xlfn.TEXTJOIN(" ", TRUE, B19, C19) -> James Martinez | E19: SAL05 | F19: 42899 | G19: =VLOOKUP(E19, Lookup_Departments!$A$2:$B$7, 2, FALSE) -> Sales | H19: =IFERROR(DATEVALUE(F19), F19) -> 42899 | I19: 102921 | J19: 49 | K19: Active | L19: =TRIM(K19) -> Active | M19: =ROUNDDOWN(YEARFRAC(H19, TODAY()), 2) &" " & "Years" -> 9.06 Years | N19: =VLOOKUP(J19, Lookup_Performance!$A$2:$D$6, 3, TRUE) -> Needs Improvement | O19: =I19 * VLOOKUP(J19, Lookup_Performance!$A$2:$D$6, 4, TRUE) -> 0
A20: EMP066 | B20: Ashley | C20: Lopez | D20: =_xlfn.TEXTJOIN(" ", TRUE, B20, C20) -> Ashley Lopez | E20: MKT04 | F20: 43235 | G20: =VLOOKUP(E20, Lookup_Departments!$A$2:$B$7, 2, FALSE) -> Marketing | H20: =IFERROR(DATEVALUE(F20), F20) -> 43235 | I20: 73984 | J20: 93 | K20: Active | L20: =TRIM(K20) -> Active | M20: =ROUNDDOWN(YEARFRAC(H20, TODAY()), 2) &" " & "Years" -> 8.14 Years | N20: =VLOOKUP(J20, Lookup_Performance!$A$2:$D$6, 3, TRUE) -> Exceeding | O20: =I20 * VLOOKUP(J20, Lookup_Performance!$A$2:$D$6, 4, TRUE) -> 5918.72
A21: EMP120 | B21: Amanda | C21: Gonzalez | D21: =_xlfn.TEXTJOIN(" ", TRUE, B21, C21) -> Amanda Gonzalez | E21: IT02 | F21: 42575 | G21: =VLOOKUP(E21, Lookup_Departments!$A$2:$B$7, 2, FALSE) -> Information Technology | H21: =IFERROR(DATEVALUE(F21), F21) -> 42575 | I21: 83603.93 | J21: 75 | K21: Active | L21: =TRIM(K21) -> Active | M21: =ROUNDDOWN(YEARFRAC(H21, TODAY()), 2) &" " & "Years" -> 9.95 Years | N21: =VLOOKUP(J21, Lookup_Performance!$A$2:$D$6, 3, TRUE) -> Achieving | O21: =I21 * VLOOKUP(J21, Lookup_Performance!$A$2:$D$6, 4, TRUE) -> 4180.1965
A22: EMP019 | B22: Michael | C22: Hernandez | D22: =_xlfn.TEXTJOIN(" ", TRUE, B22, C22) -> Michael Hernandez | E22: FIN03 | F22: 43076 | G22: =VLOOKUP(E22, Lookup_Departments!$A$2:$B$7, 2, FALSE) -> Finance | H22: =IFERROR(DATEVALUE(F22), F22) -> 43076 | I22: 118527 | J22: 50 | K22: Active | L22: =TRIM(K22) -> Active | M22: =ROUNDDOWN(YEARFRAC(H22, TODAY()), 2) &" " & "Years" -> 8.58 Years | N22: =VLOOKUP(J22, Lookup_Performance!$A$2:$D$6, 3, TRUE) -> Developing | O22: =I22 * VLOOKUP(J22, Lookup_Performance!$A$2:$D$6, 4, TRUE) -> 2370.54
... A26: EMP082 | B26: Ashley | C26: Williams | D26: =_xlfn.TEXTJOIN(" ", TRUE, B26, C26) -> Ashley Williams | E26: SAL05 | F26: 44728 | G26: =VLOOKUP(E26, Lookup_Departments!$A$2:$B$7, 2, FALSE) -> Sales | H26: =IFERROR(DATEVALUE(F26), F26) -> 44728 | I26: 68655 | J26: 32 | K26: Active | L26: =TRIM(K26) -> Active | M26: =ROUNDDOWN(YEARFRAC(H26, TODAY()), 2) &" " & "Years" -> 4.05 Years | N26: =VLOOKUP(J26, Lookup_Performance!$A$2:$D$6, 3, TRUE) -> Needs Improvement | O26: =I26 * VLOOKUP(J26, Lookup_Performance!$A$2:$D$6, 4, TRUE) -> 0
A27: EMP052 | C27: Williams | D27: =_xlfn.TEXTJOIN(" ", TRUE, B27, C27) -> Williams | E27: SAL05 | F27: 45134 | G27: =VLOOKUP(E27, Lookup_Departments!$A$2:$B$7, 2, FALSE) -> Sales | H27: =IFERROR(DATEVALUE(F27), F27) -> 45134 | I27: 81205 | J27: 59 | K27: Active | L27: =TRIM(K27) -> Active | M27: =ROUNDDOWN(YEARFRAC(H27, TODAY()), 2) &" " & "Years" -> 2.94 Years | N27: =VLOOKUP(J27, Lookup_Performance!$A$2:$D$6, 3, TRUE) -> Developing | O27: =I27 * VLOOKUP(J27, Lookup_Performance!$A$2:$D$6, 4, TRUE) -> 1624.1
A28: EMP129 | B28: John | C28: Wilson | D28: =_xlfn.TEXTJOIN(" ", TRUE, B28, C28) -> John Wilson | E28: SAL05 | F28: 09/24/2019 | G28: =VLOOKUP(E28, Lookup_Departments!$A$2:$B$7, 2, FALSE) -> Sales | H28: =IFERROR(DATEVALUE(F28), F28) -> 43732 | I28: 77610 | J28: 88 | K28: Active | L28: =TRIM(K28) -> Active | M28: =ROUNDDOWN(YEARFRAC(H28, TODAY()), 2) &" " & "Years" -> 6.78 Years | N28: =VLOOKUP(J28, Lookup_Performance!$A$2:$D$6, 3, TRUE) -> Exceeding | O28: =I28 * VLOOKUP(J28, Lookup_Performance!$A$2:$D$6, 4, TRUE) -> 6208.8
A29: EMP146 | B29: Thomas | C29: Rodriguez | D29: =_xlfn.TEXTJOIN(" ", TRUE, B29, C29) -> Thomas Rodriguez | E29: IT02 | F29: 44765 | G29: =VLOOKUP(E29, Lookup_Departments!$A$2:$B$7, 2, FALSE) -> Information Technology | H29: =IFERROR(DATEVALUE(F29), F29) -> 44765 | I29: 50873 | J29: 90 | K29: Active | L29: =TRIM(K29) -> Active | M29: =ROUNDDOWN(YEARFRAC(H29, TODAY()), 2) &" " & "Years" -> 3.95 Years | N29: =VLOOKUP(J29, Lookup_Performance!$A$2:$D$6, 3, TRUE) -> Exceeding | O29: =I29 * VLOOKUP(J29, Lookup_Performance!$A$2:$D$6, 4, TRUE) -> 4069.84
A30: EMP099 | B30: Michael | C30: Wilson | D30: =_xlfn.TEXTJOIN(" ", TRUE, B30, C30) -> Michael Wilson | E30: FIN03 | F30: 13-May-18 | G30: =VLOOKUP(E30, Lookup_Departments!$A$2:$B$7, 2, FALSE) -> Finance | H30: =IFERROR(DATEVALUE(F30), F30) -> 43233 | I30: 85312 | J30: 66 | K30: Active | L30: =TRIM(K30) -> Active | M30: =ROUNDDOWN(YEARFRAC(H30, TODAY()), 2) &" " & "Years" -> 8.14 Years | N30: =VLOOKUP(J30, Lookup_Performance!$A$2:$D$6, 3, TRUE) -> Developing | O30: =I30 * VLOOKUP(J30, Lookup_Performance!$A$2:$D$6, 4, TRUE) -> 1706.24
A31: EMP015 | B31: John | C31: Rodriguez | D31: =_xlfn.TEXTJOIN(" ", TRUE, B31, C31) -> John Rodriguez | E31: SAL05 | F31: 42202 | G31: =VLOOKUP(E31, Lookup_Departments!$A$2:$B$7, 2, FALSE) -> Sales | H31: =IFERROR(DATEVALUE(F31), F31) -> 42202 | I31: 83603.93 | J31: 68 | K31: Active | L31: =TRIM(K31) -> Active | M31: =ROUNDDOWN(YEARFRAC(H31, TODAY()), 2) &" " & "Years" -> 10.96 Years | N31: =VLOOKUP(J31, Lookup_Performance!$A$2:$D$6, 3, TRUE) -> Developing | O31: =I31 * VLOOKUP(J31, Lookup_Performance!$A$2:$D$6, 4, TRUE) -> 1672.0786
A32: EMP076 | B32: Thomas | C32: Hernandez | D32: =_xlfn.TEXTJOIN(" ", TRUE, B32, C32) -> Thomas Hernandez | E32: OPS06 | F32: 05-Aug-15 | G32: =VLOOKUP(E32, Lookup_Departments!$A$2:$B$7, 2, FALSE) -> Operations | H32: =IFERROR(DATEVALUE(F32), F32) -> 42221 | I32: 97055 | J32: 80 | K32: Active | L32: =TRIM(K32) -> Active | M32: =ROUNDDOWN(YEARFRAC(H32, TODAY()), 2) &" " & "Years" -> 10.91 Years | N32: =VLOOKUP(J32, Lookup_Performance!$A$2:$D$6, 3, TRUE) -> Achieving | O32: =I32 * VLOOKUP(J32, Lookup_Performance!$A$2:$D$6, 4, TRUE) -> 4852.75
A33: EMP137 | B33: Michael | C33: Johnson | D33: =_xlfn.TEXTJOIN(" ", TRUE, B33, C33) -> Michael Johnson | E33: IT02 | F33: 45195 | G33: =VLOOKUP(E33, Lookup_Departments!$A$2:$B$7, 2, FALSE) -> Information Technology | H33: =IFERROR(DATEVALUE(F33), F33) -> 45195 | I33: 66069 | J33: 72 | K33: Active | L33: =TRIM(K33) -> Active | M33: =ROUNDDOWN(YEARFRAC(H33, TODAY()), 2) &" " & "Years" -> 2.77 Years | N33: =VLOOKUP(J33, Lookup_Performance!$A$2:$D$6, 3, TRUE) -> Achieving | O33: =I33 * VLOOKUP(J33, Lookup_Performance!$A$2:$D$6, 4, TRUE) -> 3303.45
A34: EMP056 | B34: Sarah | C34: Brown | D34: =_xlfn.TEXTJOIN(" ", TRUE, B34, C34) -> Sarah Brown | E34: IT02 | F34: 10-Jun-19 | G34: =VLOOKUP(E34, Lookup_Departments!$A$2:$B$7, 2, FALSE) -> Information Technology | H34: =IFERROR(DATEVALUE(F34), F34) -> 43626 | I34: 90157 | J34: 58 | K34: Active | L34: =TRIM(K34) -> Active | M34: =ROUNDDOWN(YEARFRAC(H34, TODAY()), 2) &" " & "Years" -> 7.07 Years | N34: =VLOOKUP(J34, Lookup_Performance!$A$2:$D$6, 3, TRUE) -> Developing | O34: =I34 * VLOOKUP(J34, Lookup_Performance!$A$2:$D$6, 4, TRUE) -> 1803.14
A35: EMP125 | B35: Jane | C35: Martinez | D35: =_xlfn.TEXTJOIN(" ", TRUE, B35, C35) -> Jane Martinez | E35: HR01 | F35: 44578 | G35: =VLOOKUP(E35, Lookup_Departments!$A$2:$B$7, 2, FALSE) -> Human Resources | H35: =IFERROR(DATEVALUE(F35), F35) -> 44578 | I35: 59899 | J35: 78 | K35: Active | L35: =TRIM(K35) -> Active | M35: =ROUNDDOWN(YEARFRAC(H35, TODAY()), 2) &" " & "Years" -> 4.46 Years | N35: =VLOOKUP(J35, Lookup_Performance!$A$2:$D$6, 3, TRUE) -> Achieving | O35: =I35 * VLOOKUP(J35, Lookup_Performance!$A$2:$D$6, 4, TRUE) -> 2994.95
A36: EMP085 | B36: Emily | C36: Jones | D36: =_xlfn.TEXTJOIN(" ", TRUE, B36, C36) -> Emily Jones | E36: FIN03 | F36: 03-Jul-17 | G36: =VLOOKUP(E36, Lookup_Departments!$A$2:$B$7, 2, FALSE) -> Finance | H36: =IFERROR(DATEVALUE(F36), F36) -> 42919 | I36: 113389 | J36: 30 | K36: Active | L36: =TRIM(K36) -> Active | M36: =ROUNDDOWN(YEARFRAC(H36, TODAY()), 2) &" " & "Years" -> 9 Years | N36: =VLOOKUP(J36, Lookup_Performance!$A$2:$D$6, 3, TRUE) -> Needs Improvement | O36: =I36 * VLOOKUP(J36, Lookup_Performance!$A$2:$D$6, 4, TRUE) -> 0
A37: EMP106 | C37: Brown | D37: =_xlfn.TEXTJOIN(" ", TRUE, B37, C37) -> Brown | E37: IT02 | F37: 01-Sep-15 | G37: =VLOOKUP(E37, Lookup_Departments!$A$2:$B$7, 2, FALSE) -> Information Technology | H37: =IFERROR(DATEVALUE(F37), F37) -> 42248 | I37: 102691 | J37: 52 | K37: Active | L37: =TRIM(K37) -> Active | M37: =ROUNDDOWN(YEARFRAC(H37, TODAY()), 2) &" " & "Years" -> 10.84 Years | N37: =VLOOKUP(J37, Lookup_Performance!$A$2:$D$6, 3, TRUE) -> Developing | O37: =I37 * VLOOKUP(J37, Lookup_Performance!$A$2:$D$6, 4, TRUE) -> 2053.82
A38: EMP043 | B38: John | C38: Wilson | D38: =_xlfn.TEXTJOIN(" ", TRUE, B38, C38) -> John Wilson | E38: OPS06 | F38: 03-Aug-22 | G38: =VLOOKUP(E38, Lookup_Departments!$A$2:$B$7, 2, FALSE) -> Operations | H38: =IFERROR(DATEVALUE(F38), F38) -> 44776 | I38: 111845 | J38: 98 | K38: Active | L38: =TRIM(K38) -> Active | M38: =ROUNDDOWN(YEARFRAC(H38, TODAY()), 2) &" " & "Years" -> 3.92 Years | N38: =VLOOKUP(J38, Lookup_Performance!$A$2:$D$6, 3, TRUE) -> Outstanding | O38: =I38 * VLOOKUP(J38, Lookup_Performance!$A$2:$D$6, 4, TRUE) -> 13421.4
A39: EMP068 | B39: Melissa | C39: Brown | D39: =_xlfn.TEXTJOIN(" ", TRUE, B39, C39) -> Melissa Brown | E39: SAL05 | F39: 06/29/2022 | G39: =VLOOKUP(E39, Lookup_Departments!$A$2:$B$7, 2, FALSE) -> Sales | H39: =IFERROR(DATEVALUE(F39), F39) -> 44741 | I39: 69219 | J39: 93 | K39: Active | L39: =TRIM(K39) -> Active | M39: =ROUNDDOWN(YEARFRAC(H39, TODAY()), 2) &" " & "Years" -> 4.01 Years | N39: =VLOOKUP(J39, Lookup_Performance!$A$2:$D$6, 3, TRUE) -> Exceeding | O39: =I39 * VLOOKUP(J39, Lookup_Performance!$A$2:$D$6, 4, TRUE) -> 5537.52
A40: EMP128 | B40: Michael | C40: Smith | D40: =_xlfn.TEXTJOIN(" ", TRUE, B40, C40) -> Michael Smith | E40: FIN03 | F40: 43949 | G40: =VLOOKUP(E40, Lookup_Departments!$A$2:$B$7, 2, FALSE) -> Finance | H40: =IFERROR(DATEVALUE(F40), F40) -> 43949 | I40: 83603.93 | J40: 80 | K40: Left | L40: =TRIM(K40) -> Left | M40: =ROUNDDOWN(YEARFRAC(H40, TODAY()), 2) &" " & "Years" -> 6.18 Years | N40: =VLOOKUP(J40, Lookup_Performance!$A$2:$D$6, 3, TRUE) -> Achieving | O40: =I40 * VLOOKUP(J40, Lookup_Performance!$A$2:$D$6, 4, TRUE) -> 4180.1965
A41: EMP027 | B41: Sarah | C41: Miller | D41: =_xlfn.TEXTJOIN(" ", TRUE, B41, C41) -> Sarah Miller | E41: OPS06 | F41: 09/09/2017 | G41: =VLOOKUP(E41, Lookup_Departments!$A$2:$B$7, 2, FALSE) -> Operations | H41: =IFERROR(DATEVALUE(F41), F41) -> 42987 | I41: 57514 | J41: 68.08 | K41: Active | L41: =TRIM(K41) -> Active | M41: =ROUNDDOWN(YEARFRAC(H41, TODAY()), 2) &" " & "Years" -> 8.82 Years | N41: =VLOOKUP(J41, Lookup_Performance!$A$2:$D$6, 3, TRUE) -> Developing | O41: =I41 * VLOOKUP(J41, Lookup_Performance!$A$2:$D$6, 4, TRUE) -> 1150.28
A42: EMP136 | B42: Emily | C42: Wilson | D42: =_xlfn.TEXTJOIN(" ", TRUE, B42, C42) -> Emily Wilson | E42: SAL05 | F42: 43181 | G42: =VLOOKUP(E42, Lookup_Departments!$A$2:$B$7, 2, FALSE) -> Sales | H42: =IFERROR(DATEVALUE(F42), F42) -> 43181 | I42: 86245 | J42: 71 | K42: Left | L42: =TRIM(K42) -> Left | M42: =ROUNDDOWN(YEARFRAC(H42, TODAY()), 2) &" " & "Years" -> 8.28 Years | N42: =VLOOKUP(J42, Lookup_Performance!$A$2:$D$6, 3, TRUE) -> Achieving | O42: =I42 * VLOOKUP(J42, Lookup_Performance!$A$2:$D$6, 4, TRUE) -> 4312.25
A43: EMP079 | B43: David | C43: Hernandez | D43: =_xlfn.TEXTJOIN(" ", TRUE, B43, C43) -> David Hernandez | E43: SAL05 | F43: 43958 | G43: =VLOOKUP(E43, Lookup_Departments!$A$2:$B$7, 2, FALSE) -> Sales | H43: =IFERROR(DATEVALUE(F43), F43) -> 43958 | I43: 52407 | J43: 55 | K43: Active | L43: =TRIM(K43) -> Active | M43: =ROUNDDOWN(YEARFRAC(H43, TODAY()), 2) &" " & "Years" -> 6.16 Years | N43: =VLOOKUP(J43, Lookup_Performance!$A$2:$D$6, 3, TRUE) -> Developing | O43: =I43 * VLOOKUP(J43, Lookup_Performance!$A$2:$D$6, 4, TRUE) -> 1048.14
A44: EMP149 | B44: James | C44: Smith | D44: =_xlfn.TEXTJOIN(" ", TRUE, B44, C44) -> James Smith | E44: OPS06 | F44: 43549 | G44: =VLOOKUP(E44, Lookup_Departments!$A$2:$B$7, 2, FALSE) -> Operations | H44: =IFERROR(DATEVALUE(F44), F44) -> 43549 | I44: 66606 | J44: 93 | K44: Resigned | L44: =TRIM(K44) -> Resigned | M44: =ROUNDDOWN(YEARFRAC(H44, TODAY()), 2) &" " & "Years" -> 7.28 Years | N44: =VLOOKUP(J44, Lookup_Performance!$A$2:$D$6, 3, TRUE) -> Exceeding | O44: =I44 * VLOOKUP(J44, Lookup_Performance!$A$2:$D$6, 4, TRUE) -> 5328.48
A45: EMP037 | B45: Sarah | C45: Williams | D45: =_xlfn.TEXTJOIN(" ", TRUE, B45, C45) -> Sarah Williams | E45: IT02 | F45: 43686 | G45: =VLOOKUP(E45, Lookup_Departments!$A$2:$B$7, 2, FALSE) -> Information Technology | H45: =IFERROR(DATEVALUE(F45), F45) -> 43686 | I45: 81896 | J45: 79 | K45: Resigned | L45: =TRIM(K45) -> Resigned | M45: =ROUNDDOWN(YEARFRAC(H45, TODAY()), 2) &" " & "Years" -> 6.9 Years | N45: =VLOOKUP(J45, Lookup_Performance!$A$2:$D$6, 3, TRUE) -> Achieving | O45: =I45 * VLOOKUP(J45, Lookup_Performance!$A$2:$D$6, 4, TRUE) -> 4094.8
A46: EMP077 | B46: Amanda | C46: Lopez | D46: =_xlfn.TEXTJOIN(" ", TRUE, B46, C46) -> Amanda Lopez | E46: SAL05 | F46: 07/14/2016 | G46: =VLOOKUP(E46, Lookup_Departments!$A$2:$B$7, 2, FALSE) -> Sales | H46: =IFERROR(DATEVALUE(F46), F46) -> 42565 | I46: 78402 | J46: 54 | K46: Active | L46: =TRIM(K46) -> Active | M46: =ROUNDDOWN(YEARFRAC(H46, TODAY()), 2) &" " & "Years" -> 9.97 Years | N46: =VLOOKUP(J46, Lookup_Performance!$A$2:$D$6, 3, TRUE) -> Developing | O46: =I46 * VLOOKUP(J46, Lookup_Performance!$A$2:$D$6, 4, TRUE) -> 1568.04
A47: EMP023 | B47: Thomas | C47: Lopez | D47: =_xlfn.TEXTJOIN(" ", TRUE, B47, C47) -> Thomas Lopez | E47: OPS06 | F47: 42647 | G47: =VLOOKUP(E47, Lookup_Departments!$A$2:$B$7, 2, FALSE) -> Operations | H47: =IFERROR(DATEVALUE(F47), F47) -> 42647 | I47: 105498 | J47: 76 | K47: Active | L47: =TRIM(K47) -> Active | M47: =ROUNDDOWN(YEARFRAC(H47, TODAY()), 2) &" " & "Years" -> 9.75 Years | N47: =VLOOKUP(J47, Lookup_Performance!$A$2:$D$6, 3, TRUE) -> Achieving | O47: =I47 * VLOOKUP(J47, Lookup_Performance!$A$2:$D$6, 4, TRUE) -> 5274.9
A48: EMP133 | B48: Melissa | C48: Johnson | D48: =_xlfn.TEXTJOIN(" ", TRUE, B48, C48) -> Melissa Johnson | E48: MKT04 | F48: 10-Jul-19 | G48: =VLOOKUP(E48, Lookup_Departments!$A$2:$B$7, 2, FALSE) -> Marketing | H48: =IFERROR(DATEVALUE(F48), F48) -> 43656 | I48: 91749 | J48: 72 | K48: Left | L48: =TRIM(K48) -> Left | M48: =ROUNDDOWN(YEARFRAC(H48, TODAY()), 2) &" " & "Years" -> 6.98 Years | N48: =VLOOKUP(J48, Lookup_Performance!$A$2:$D$6, 3, TRUE) -> Achieving | O48: =I48 * VLOOKUP(J48, Lookup_Performance!$A$2:$D$6, 4, TRUE) -> 4587.45
A49: EMP141 | B49: Amanda | C49: Johnson | D49: =_xlfn.TEXTJOIN(" ", TRUE, B49, C49) -> Amanda Johnson | E49: OPS06 | F49: 44437 | G49: =VLOOKUP(E49, Lookup_Departments!$A$2:$B$7, 2, FALSE) -> Operations | H49: =IFERROR(DATEVALUE(F49), F49) -> 44437 | I49: 99935 | J49: 84 | K49: Resigned | L49: =TRIM(K49) -> Resigned | M49: =ROUNDDOWN(YEARFRAC(H49, TODAY()), 2) &" " & "Years" -> 4.85 Years | N49: =VLOOKUP(J49, Lookup_Performance!$A$2:$D$6, 3, TRUE) -> Achieving | O49: =I49 * VLOOKUP(J49, Lookup_Performance!$A$2:$D$6, 4, TRUE) -> 4996.75
A50: EMP012 | B50: John | C50: Davis | D50: =_xlfn.TEXTJOIN(" ", TRUE, B50, C50) -> John Davis | E50: IT02 | F50: 42761 | G50: =VLOOKUP(E50, Lookup_Departments!$A$2:$B$7, 2, FALSE) -> Information Technology | H50: =IFERROR(DATEVALUE(F50), F50) -> 42761 | I50: 83531 | J50: 30 | K50: Left | L50: =TRIM(K50) -> Left | M50: =ROUNDDOWN(YEARFRAC(H50, TODAY()), 2) &" " & "Years" -> 9.44 Years | N50: =VLOOKUP(J50, Lookup_Performance!$A$2:$D$6, 3, TRUE) -> Needs Improvement | O50: =I50 * VLOOKUP(J50, Lookup_Performance!$A$2:$D$6, 4, TRUE) -> 0
A51: EMP080 | B51: James | C51: Johnson | D51: =_xlfn.TEXTJOIN(" ", TRUE, B51, C51) -> James Johnson | E51: MKT04 | F51: 43981 | G51: =VLOOKUP(E51, Lookup_Departments!$A$2:$B$7, 2, FALSE) -> Marketing | H51: =IFERROR(DATEVALUE(F51), F51) -> 43981 | I51: 75023 | J51: 68.08 | K51: Active | L51: =TRIM(K51) -> Active | M51: =ROUNDDOWN(YEARFRAC(H51, TODAY()), 2) &" " & "Years" -> 6.1 Years | N51: =VLOOKUP(J51, Lookup_Performance!$A$2:$D$6, 3, TRUE) -> Developing | O51: =I51 * VLOOKUP(J51, Lookup_Performance!$A$2:$D$6, 4, TRUE) -> 1500.46
A52: EMP069 | B52: Jane | C52: Davis | D52: =_xlfn.TEXTJOIN(" ", TRUE, B52, C52) -> Jane Davis | E52: HR01 | F52: 44612 | G52: =VLOOKUP(E52, Lookup_Departments!$A$2:$B$7, 2, FALSE) -> Human Resources | H52: =IFERROR(DATEVALUE(F52), F52) -> 44612 | I52: 93290 | J52: 53 | K52: Active | L52: =TRIM(K52) -> Active | M52: =ROUNDDOWN(YEARFRAC(H52, TODAY()), 2) &" " & "Years" -> 4.37 Years | N52: =VLOOKUP(J52, Lookup_Performance!$A$2:$D$6, 3, TRUE) -> Developing | O52: =I52 * VLOOKUP(J52, Lookup_Performance!$A$2:$D$6, 4, TRUE) -> 1865.8
A53: EMP150 | B53: Richard | C53: Davis | D53: =_xlfn.TEXTJOIN(" ", TRUE, B53, C53) -> Richard Davis | E53: OPS06 | F53: 42628 | G53: =VLOOKUP(E53, Lookup_Departments!$A$2:$B$7, 2, FALSE) -> Operations | H53: =IFERROR(DATEVALUE(F53), F53) -> 42628 | I53: 115527 | J53: 63 | K53: Resigned | L53: =TRIM(K53) -> Resigned | M53: =ROUNDDOWN(YEARFRAC(H53, TODAY()), 2) &" " & "Years" -> 9.8 Years | N53: =VLOOKUP(J53, Lookup_Performance!$A$2:$D$6, 3, TRUE) -> Developing | O53: =I53 * VLOOKUP(J53, Lookup_Performance!$A$2:$D$6, 4, TRUE) -> 2310.54
A54: EMP028 | B54: Thomas | C54: Rodriguez | D54: =_xlfn.TEXTJOIN(" ", TRUE, B54, C54) -> Thomas Rodriguez | E54: FIN03 | F54: 10/07/2019 | G54: =VLOOKUP(E54, Lookup_Departments!$A$2:$B$7, 2, FALSE) -> Finance | H54: =IFERROR(DATEVALUE(F54), F54) -> 43745 | I54: 55920 | J54: 84 | K54: Active | L54: =TRIM(K54) -> Active | M54: =ROUNDDOWN(YEARFRAC(H54, TODAY()), 2) &" " & "Years" -> 6.74 Years | N54: =VLOOKUP(J54, Lookup_Performance!$A$2:$D$6, 3, TRUE) -> Achieving | O54: =I54 * VLOOKUP(J54, Lookup_Performance!$A$2:$D$6, 4, TRUE) -> 2796
A55: EMP087 | B55: Emily | C55: Johnson | D55: =_xlfn.TEXTJOIN(" ", TRUE, B55, C55) -> Emily Johnson | E55: SAL05 | F55: 43464 | G55: =VLOOKUP(E55, Lookup_Departments!$A$2:$B$7, 2, FALSE) -> Sales | H55: =IFERROR(DATEVALUE(F55), F55) -> 43464 | I55: 80189 | J55: 30 | K55: Active | L55: =TRIM(K55) -> Active | M55: =ROUNDDOWN(YEARFRAC(H55, TODAY()), 2) &" " & "Years" -> 7.51 Years | N55: =VLOOKUP(J55, Lookup_Performance!$A$2:$D$6, 3, TRUE) -> Needs Improvement | O55: =I55 * VLOOKUP(J55, Lookup_Performance!$A$2:$D$6, 4, TRUE) -> 0
A56: EMP119 | B56: Emily | C56: Garcia | D56: =_xlfn.TEXTJOIN(" ", TRUE, B56, C56) -> Emily Garcia | E56: HR01 | F56: 44189 | G56: =VLOOKUP(E56, Lookup_Departments!$A$2:$B$7, 2, FALSE) -> Human Resources | H56: =IFERROR(DATEVALUE(F56), F56) -> 44189 | I56: 118947 | J56: 96 | K56: Active | L56: =TRIM(K56) -> Active | M56: =ROUNDDOWN(YEARFRAC(H56, TODAY()), 2) &" " & "Years" -> 5.53 Years | N56: =VLOOKUP(J56, Lookup_Performance!$A$2:$D$6, 3, TRUE) -> Outstanding | O56: =I56 * VLOOKUP(J56, Lookup_Performance!$A$2:$D$6, 4, TRUE) -> 14273.64
A57: EMP042 | B57: Jane | C57: Anderson | D57: =_xlfn.TEXTJOIN(" ", TRUE, B57, C57) -> Jane Anderson | E57: IT02 | F57: 45112 | G57: =VLOOKUP(E57, Lookup_Departments!$A$2:$B$7, 2, FALSE) -> Information Technology | H57: =IFERROR(DATEVALUE(F57), F57) -> 45112 | I57: 83603.93 | J57: 54 | K57: Active | L57: =TRIM(K57) -> Active | M57: =ROUNDDOWN(YEARFRAC(H57, TODAY()), 2) &" " & "Years" -> 3 Years | N57: =VLOOKUP(J57, Lookup_Performance!$A$2:$D$6, 3, TRUE) -> Developing | O57: =I57 * VLOOKUP(J57, Lookup_Performance!$A$2:$D$6, 4, TRUE) -> 1672.0786
A58: EMP005 | B58: Thomas | C58: Garcia | D58: =_xlfn.TEXTJOIN(" ", TRUE, B58, C58) -> Thomas Garcia | E58: OPS06 | F58: 44148 | G58: =VLOOKUP(E58, Lookup_Departments!$A$2:$B$7, 2, FALSE) -> Operations | H58: =IFERROR(DATEVALUE(F58), F58) -> 44148 | I58: 83603.93 | J58: 75 | K58: Active | L58: =TRIM(K58) -> Active | M58: =ROUNDDOWN(YEARFRAC(H58, TODAY()), 2) &" " & "Years" -> 5.64 Years | N58: =VLOOKUP(J58, Lookup_Performance!$A$2:$D$6, 3, TRUE) -> Achieving | O58: =I58 * VLOOKUP(J58, Lookup_Performance!$A$2:$D$6, 4, TRUE) -> 4180.1965
A59: EMP033 | B59: David | C59: Martinez | D59: =_xlfn.TEXTJOIN(" ", TRUE, B59, C59) -> David Martinez | E59: HR01 | F59: 02/07/2018 | G59: =VLOOKUP(E59, Lookup_Departments!$A$2:$B$7, 2, FALSE) -> Human Resources | H59: =IFERROR(DATEVALUE(F59), F59) -> 43138 | I59: 91655 | J59: 95 | K59: Active | L59: =TRIM(K59) -> Active | M59: =ROUNDDOWN(YEARFRAC(H59, TODAY()), 2) &" " & "Years" -> 8.41 Years | N59: =VLOOKUP(J59, Lookup_Performance!$A$2:$D$6, 3, TRUE) -> Outstanding | O59: =I59 * VLOOKUP(J59, Lookup_Performance!$A$2:$D$6, 4, TRUE) -> 10998.6
A60: EMP061 | B60: Emily | C60: Brown | D60: =_xlfn.TEXTJOIN(" ", TRUE, B60, C60) -> Emily Brown | E60: IT02 | F60: 45255 | G60: =VLOOKUP(E60, Lookup_Departments!$A$2:$B$7, 2, FALSE) -> Information Technology | H60: =IFERROR(DATEVALUE(F60), F60) -> 45255 | I60: 49435 | J60: 68.08 | K60: Left | L60: =TRIM(K60) -> Left | M60: =ROUNDDOWN(YEARFRAC(H60, TODAY()), 2) &" " & "Years" -> 2.61 Years | N60: =VLOOKUP(J60, Lookup_Performance!$A$2:$D$6, 3, TRUE) -> Developing | O60: =I60 * VLOOKUP(J60, Lookup_Performance!$A$2:$D$6, 4, TRUE) -> 988.7
A61: EMP102 | B61: Emily | C61: Wilson | D61: =_xlfn.TEXTJOIN(" ", TRUE, B61, C61) -> Emily Wilson | E61: SAL05 | F61: 45217 | G61: =VLOOKUP(E61, Lookup_Departments!$A$2:$B$7, 2, FALSE) -> Sales | H61: =IFERROR(DATEVALUE(F61), F61) -> 45217 | I61: 110381 | J61: 93 | K61: Active | L61: =TRIM(K61) -> Active | M61: =ROUNDDOWN(YEARFRAC(H61, TODAY()), 2) &" " & "Years" -> 2.71 Years | N61: =VLOOKUP(J61, Lookup_Performance!$A$2:$D$6, 3, TRUE) -> Exceeding | O61: =I61 * VLOOKUP(J61, Lookup_Performance!$A$2:$D$6, 4, TRUE) -> 8830.48
A62: EMP067 | B62: Michael | C62: Anderson | D62: =_xlfn.TEXTJOIN(" ", TRUE, B62, C62) -> Michael Anderson | E62: HR01 | F62: 44079 | G62: =VLOOKUP(E62, Lookup_Departments!$A$2:$B$7, 2, FALSE) -> Human Resources | H62: =IFERROR(DATEVALUE(F62), F62) -> 44079 | I62: 114748 | J62: 33 | K62: Active | L62: =TRIM(K62) -> Active | M62: =ROUNDDOWN(YEARFRAC(H62, TODAY()), 2) &" " & "Years" -> 5.83 Years | N62: =VLOOKUP(J62, Lookup_Performance!$A$2:$D$6, 3, TRUE) -> Needs Improvement | O62: =I62 * VLOOKUP(J62, Lookup_Performance!$A$2:$D$6, 4, TRUE) -> 0
A63: EMP017 | B63: Robert | C63: Johnson | D63: =_xlfn.TEXTJOIN(" ", TRUE, B63, C63) -> Robert Johnson | E63: OPS06 | F63: 42800 | G63: =VLOOKUP(E63, Lookup_Departments!$A$2:$B$7, 2, FALSE) -> Operations | H63: =IFERROR(DATEVALUE(F63), F63) -> 42800 | I63: 63302 | J63: 91 | K63: Active | L63: =TRIM(K63) -> Active | M63: =ROUNDDOWN(YEARFRAC(H63, TODAY()), 2) &" " & "Years" -> 9.33 Years | N63: =VLOOKUP(J63, Lookup_Performance!$A$2:$D$6, 3, TRUE) -> Exceeding | O63: =I63 * VLOOKUP(J63, Lookup_Performance!$A$2:$D$6, 4, TRUE) -> 5064.16
A64: EMP123 | B64: Robert | C64: Miller | D64: =_xlfn.TEXTJOIN(" ", TRUE, B64, C64) -> Robert Miller | E64: IT02 | F64: 42122 | G64: =VLOOKUP(E64, Lookup_Departments!$A$2:$B$7, 2, FALSE) -> Information Technology | H64: =IFERROR(DATEVALUE(F64), F64) -> 42122 | I64: 75519 | J64: 64 | K64: Active | L64: =TRIM(K64) -> Active | M64: =ROUNDDOWN(YEARFRAC(H64, TODAY()), 2) &" " & "Years" -> 11.18 Years | N64: =VLOOKUP(J64, Lookup_Performance!$A$2:$D$6, 3, TRUE) -> Developing | O64: =I64 * VLOOKUP(J64, Lookup_Performance!$A$2:$D$6, 4, TRUE) -> 1510.38
A65: EMP011 | B65: Jane | C65: Davis | D65: =_xlfn.TEXTJOIN(" ", TRUE, B65, C65) -> Jane Davis | E65: FIN03 | F65: 42838 | G65: =VLOOKUP(E65, Lookup_Departments!$A$2:$B$7, 2, FALSE) -> Finance | H65: =IFERROR(DATEVALUE(F65), F65) -> 42838 | I65: 103891 | J65: 80 | K65: Active | L65: =TRIM(K65) -> Active | M65: =ROUNDDOWN(YEARFRAC(H65, TODAY()), 2) &" " & "Years" -> 9.23 Years | N65: =VLOOKUP(J65, Lookup_Performance!$A$2:$D$6, 3, TRUE) -> Achieving | O65: =I65 * VLOOKUP(J65, Lookup_Performance!$A$2:$D$6, 4, TRUE) -> 5194.55
A66: EMP091 | B66: Thomas | C66: Davis | D66: =_xlfn.TEXTJOIN(" ", TRUE, B66, C66) -> Thomas Davis | E66: OPS06 | F66: 44827 | G66: =VLOOKUP(E66, Lookup_Departments!$A$2:$B$7, 2, FALSE) -> Operations | H66: =IFERROR(DATEVALUE(F66), F66) -> 44827 | I66: 83603.93 | J66: 46 | K66: Left | L66: =TRIM(K66) -> Left | M66: =ROUNDDOWN(YEARFRAC(H66, TODAY()), 2) &" " & "Years" -> 3.78 Years | N66: =VLOOKUP(J66, Lookup_Performance!$A$2:$D$6, 3, TRUE) -> Needs Improvement | O66: =I66 * VLOOKUP(J66, Lookup_Performance!$A$2:$D$6, 4, TRUE) -> 0
A67: EMP145 | B67: Thomas | C67: Jones | D67: =_xlfn.TEXTJOIN(" ", TRUE, B67, C67) -> Thomas Jones | E67: MKT04 | F67: 11/11/2016 | G67: =VLOOKUP(E67, Lookup_Departments!$A$2:$B$7, 2, FALSE) -> Marketing | H67: =IFERROR(DATEVALUE(F67), F67) -> 42685 | I67: 50936 | J67: 99 | K67: Active | L67: =TRIM(K67) -> Active | M67: =ROUNDDOWN(YEARFRAC(H67, TODAY()), 2) &" " & "Years" -> 9.65 Years | N67: =VLOOKUP(J67, Lookup_Performance!$A$2:$D$6, 3, TRUE) -> Outstanding | O67: =I67 * VLOOKUP(J67, Lookup_Performance!$A$2:$D$6, 4, TRUE) -> 6112.32
A68: EMP001 | B68: Michael | C68: Miller | D68: =_xlfn.TEXTJOIN(" ", TRUE, B68, C68) -> Michael Miller | E68: SAL05 | F68: 24-Mar-17 | G68: =VLOOKUP(E68, Lookup_Departments!$A$2:$B$7, 2, FALSE) -> Sales | H68: =IFERROR(DATEVALUE(F68), F68) -> 42818 | I68: 111240 | J68: 68.08 | K68: Active | L68: =TRIM(K68) -> Active | M68: =ROUNDDOWN(YEARFRAC(H68, TODAY()), 2) &" " & "Years" -> 9.28 Years | N68: =VLOOKUP(J68, Lookup_Performance!$A$2:$D$6, 3, TRUE) -> Developing | O68: =I68 * VLOOKUP(J68, Lookup_Performance!$A$2:$D$6, 4, TRUE) -> 2224.8
A69: EMP113 | B69: Richard | C69: Gonzalez | D69: =_xlfn.TEXTJOIN(" ", TRUE, B69, C69) -> Richard Gonzalez | E69: HR01 | F69: 05-May-19 | G69: =VLOOKUP(E69, Lookup_Departments!$A$2:$B$7, 2, FALSE) -> Human Resources | H69: =IFERROR(DATEVALUE(F69), F69) -> 43590 | I69: 51567 | J69: 87 | K69: Resigned | L69: =TRIM(K69) -> Resigned | M69: =ROUNDDOWN(YEARFRAC(H69, TODAY()), 2) &" " & "Years" -> 7.16 Years | N69: =VLOOKUP(J69, Lookup_Performance!$A$2:$D$6, 3, TRUE) -> Exceeding | O69: =I69 * VLOOKUP(J69, Lookup_Performance!$A$2:$D$6, 4, TRUE) -> 4125.36
A70: EMP065 | B70: Melissa | C70: Williams | D70: =_xlfn.TEXTJOIN(" ", TRUE, B70, C70) -> Melissa Williams | E70: HR01 | F70: 44402 | G70: =VLOOKUP(E70, Lookup_Departments!$A$2:$B$7, 2, FALSE) -> Human Resources | H70: =IFERROR(DATEVALUE(F70), F70) -> 44402 | I70: 83603.93 | J70: 36 | K70: Active | L70: =TRIM(K70) -> Active | M70: =ROUNDDOWN(YEARFRAC(H70, TODAY()), 2) &" " & "Years" -> 4.94 Years | N70: =VLOOKUP(J70, Lookup_Performance!$A$2:$D$6, 3, TRUE) -> Needs Improvement | O70: =I70 * VLOOKUP(J70, Lookup_Performance!$A$2:$D$6, 4, TRUE) -> 0
A71: EMP045 | B71: Robert | C71: Miller | D71: =_xlfn.TEXTJOIN(" ", TRUE, B71, C71) -> Robert Miller | E71: HR01 | F71: 43008 | G71: =VLOOKUP(E71, Lookup_Departments!$A$2:$B$7, 2, FALSE) -> Human Resources | H71: =IFERROR(DATEVALUE(F71), F71) -> 43008 | I71: 55270 | J71: 87 | K71: Active | L71: =TRIM(K71) -> Active | M71: =ROUNDDOWN(YEARFRAC(H71, TODAY()), 2) &" " & "Years" -> 8.76 Years | N71: =VLOOKUP(J71, Lookup_Performance!$A$2:$D$6, 3, TRUE) -> Exceeding | O71: =I71 * VLOOKUP(J71, Lookup_Performance!$A$2:$D$6, 4, TRUE) -> 4421.6
A72: EMP083 | B72: William | C72: Garcia | D72: =_xlfn.TEXTJOIN(" ", TRUE, B72, C72) -> William Garcia | E72: SAL05 | F72: 42192 | G72: =VLOOKUP(E72, Lookup_Departments!$A$2:$B$7, 2, FALSE) -> Sales | H72: =IFERROR(DATEVALUE(F72), F72) -> 42192 | I72: 65235 | J72: 97 | K72: Active | L72: =TRIM(K72) -> Active | M72: =ROUNDDOWN(YEARFRAC(H72, TODAY()), 2) &" " & "Years" -> 10.99 Years | N72: =VLOOKUP(J72, Lookup_Performance!$A$2:$D$6, 3, TRUE) -> Outstanding | O72: =I72 * VLOOKUP(J72, Lookup_Performance!$A$2:$D$6, 4, TRUE) -> 7828.2
A73: EMP029 | B73: John | C73: Gonzalez | D73: =_xlfn.TEXTJOIN(" ", TRUE, B73, C73) -> John Gonzalez | E73: SAL05 | F73: 43283 | G73: =VLOOKUP(E73, Lookup_Departments!$A$2:$B$7, 2, FALSE) -> Sales | H73: =IFERROR(DATEVALUE(F73), F73) -> 43283 | I73: 83603.93 | J73: 72 | K73: Left | L73: =TRIM(K73) -> Left | M73: =ROUNDDOWN(YEARFRAC(H73, TODAY()), 2) &" " & "Years" -> 8.01 Years | N73: =VLOOKUP(J73, Lookup_Performance!$A$2:$D$6, 3, TRUE) -> Achieving | O73: =I73 * VLOOKUP(J73, Lookup_Performance!$A$2:$D$6, 4, TRUE) -> 4180.1965
A74: EMP041 | B74: James | C74: Gonzalez | D74: =_xlfn.TEXTJOIN(" ", TRUE, B74, C74) -> James Gonzalez | E74: SAL05 | F74: 44819 | G74: =VLOOKUP(E74, Lookup_Departments!$A$2:$B$7, 2, FALSE) -> Sales | H74: =IFERROR(DATEVALUE(F74), F74) -> 44819 | I74: 83603.93 | J74: 65 | K74: Left | L74: =TRIM(K74) -> Left | M74: =ROUNDDOWN(YEARFRAC(H74, TODAY()), 2) &" " & "Years" -> 3.8 Years | N74: =VLOOKUP(J74, Lookup_Performance!$A$2:$D$6, 3, TRUE) -> Developing | O74: =I74 * VLOOKUP(J74, Lookup_Performance!$A$2:$D$6, 4, TRUE) -> 1672.0786
A75: EMP026 | B75: Jane | C75: Gonzalez | D75: =_xlfn.TEXTJOIN(" ", TRUE, B75, C75) -> Jane Gonzalez | E75: SAL05 | F75: 42249 | G75: =VLOOKUP(E75, Lookup_Departments!$A$2:$B$7, 2, FALSE) -> Sales | H75: =IFERROR(DATEVALUE(F75), F75) -> 42249 | I75: 83603.93 | J75: 67 | K75: Active | L75: =TRIM(K75) -> Active | M75: =ROUNDDOWN(YEARFRAC(H75, TODAY()), 2) &" " & "Years" -> 10.84 Years | N75: =VLOOKUP(J75, Lookup_Performance!$A$2:$D$6, 3, TRUE) -> Developing | O75: =I75 * VLOOKUP(J75, Lookup_Performance!$A$2:$D$6, 4, TRUE) -> 1672.0786
A76: EMP024 | B76: David | C76: Wilson | D76: =_xlfn.TEXTJOIN(" ", TRUE, B76, C76) -> David Wilson | E76: OPS06 | F76: 11-Oct-16 | G76: =VLOOKUP(E76, Lookup_Departments!$A$2:$B$7, 2, FALSE) -> Operations | H76: =IFERROR(DATEVALUE(F76), F76) -> 42654 | I76: 48823 | J76: 34 | K76: Active | L76: =TRIM(K76) -> Active | M76: =ROUNDDOWN(YEARFRAC(H76, TODAY()), 2) &" " & "Years" -> 9.73 Years | N76: =VLOOKUP(J76, Lookup_Performance!$A$2:$D$6, 3, TRUE) -> Needs Improvement | O76: =I76 * VLOOKUP(J76, Lookup_Performance!$A$2:$D$6, 4, TRUE) -> 0
A77: EMP111 | B77: Jane | C77: Gonzalez | D77: =_xlfn.TEXTJOIN(" ", TRUE, B77, C77) -> Jane Gonzalez | E77: FIN03 | F77: 43575 | G77: =VLOOKUP(E77, Lookup_Departments!$A$2:$B$7, 2, FALSE) -> Finance | H77: =IFERROR(DATEVALUE(F77), F77) -> 43575 | I77: 45196 | J77: 78 | K77: Left | L77: =TRIM(K77) -> Left | M77: =ROUNDDOWN(YEARFRAC(H77, TODAY()), 2) &" " & "Years" -> 7.21 Years | N77: =VLOOKUP(J77, Lookup_Performance!$A$2:$D$6, 3, TRUE) -> Achieving | O77: =I77 * VLOOKUP(J77, Lookup_Performance!$A$2:$D$6, 4, TRUE) -> 2259.8
A78: EMP040 | B78: Jane | C78: Rodriguez | D78: =_xlfn.TEXTJOIN(" ", TRUE, B78, C78) -> Jane Rodriguez | E78: IT02 | F78: 02/19/2017 | G78: =VLOOKUP(E78, Lookup_Departments!$A$2:$B$7, 2, FALSE) -> Information Technology | H78: =IFERROR(DATEVALUE(F78), F78) -> 42785 | I78: 86246 | J78: 61 | K78: Active | L78: =TRIM(K78) -> Active | M78: =ROUNDDOWN(YEARFRAC(H78, TODAY()), 2) &" " & "Years" -> 9.38 Years | N78: =VLOOKUP(J78, Lookup_Performance!$A$2:$D$6, 3, TRUE) -> Developing | O78: =I78 * VLOOKUP(J78, Lookup_Performance!$A$2:$D$6, 4, TRUE) -> 1724.92
A79: EMP086 | B79: Emily | C79: Miller | D79: =_xlfn.TEXTJOIN(" ", TRUE, B79, C79) -> Emily Miller | E79: SAL05 | F79: 09/07/2021 | G79: =VLOOKUP(E79, Lookup_Departments!$A$2:$B$7, 2, FALSE) -> Sales | H79: =IFERROR(DATEVALUE(F79), F79) -> 44446 | I79: 70359 | J79: 74 | K79: Left | L79: =TRIM(K79) -> Left | M79: =ROUNDDOWN(YEARFRAC(H79, TODAY()), 2) &" " & "Years" -> 4.83 Years | N79: =VLOOKUP(J79, Lookup_Performance!$A$2:$D$6, 3, TRUE) -> Achieving | O79: =I79 * VLOOKUP(J79, Lookup_Performance!$A$2:$D$6, 4, TRUE) -> 3517.95
A80: EMP124 | B80: Sarah | C80: Miller | D80: =_xlfn.TEXTJOIN(" ", TRUE, B80, C80) -> Sarah Miller | E80: MKT04 | F80: 43599 | G80: =VLOOKUP(E80, Lookup_Departments!$A$2:$B$7, 2, FALSE) -> Marketing | H80: =IFERROR(DATEVALUE(F80), F80) -> 43599 | I80: 83603.93 | J80: 94 | K80: Active | L80: =TRIM(K80) -> Active | M80: =ROUNDDOWN(YEARFRAC(H80, TODAY()), 2) &" " & "Years" -> 7.14 Years | N80: =VLOOKUP(J80, Lookup_Performance!$A$2:$D$6, 3, TRUE) -> Exceeding | O80: =I80 * VLOOKUP(J80, Lookup_Performance!$A$2:$D$6, 4, TRUE) -> 6688.3144
A81: EMP132 | B81: Jessica | C81: Garcia | D81: =_xlfn.TEXTJOIN(" ", TRUE, B81, C81) -> Jessica Garcia | E81: OPS06 | F81: 42330 | G81: =VLOOKUP(E81, Lookup_Departments!$A$2:$B$7, 2, FALSE) -> Operations | H81: =IFERROR(DATEVALUE(F81), F81) -> 42330 | I81: 86480 | J81: 68.08 | K81: Active | L81: =TRIM(K81) -> Active | M81: =ROUNDDOWN(YEARFRAC(H81, TODAY()), 2) &" " & "Years" -> 10.62 Years | N81: =VLOOKUP(J81, Lookup_Performance!$A$2:$D$6, 3, TRUE) -> Developing | O81: =I81 * VLOOKUP(J81, Lookup_Performance!$A$2:$D$6, 4, TRUE) -> 1729.6
A82: EMP048 | B82: Richard | C82: Smith | D82: =_xlfn.TEXTJOIN(" ", TRUE, B82, C82) -> Richard Smith | E82: HR01 | F82: 09/29/2018 | G82: =VLOOKUP(E82, Lookup_Departments!$A$2:$B$7, 2, FALSE) -> Human Resources | H82: =IFERROR(DATEVALUE(F82), F82) -> 43372 | I82: 47694 | J82: 75 | K82: Active | L82: =TRIM(K82) -> Active | M82: =ROUNDDOWN(YEARFRAC(H82, TODAY()), 2) &" " & "Years" -> 7.76 Years | N82: =VLOOKUP(J82, Lookup_Performance!$A$2:$D$6, 3, TRUE) -> Achieving | O82: =I82 * VLOOKUP(J82, Lookup_Performance!$A$2:$D$6, 4, TRUE) -> 2384.7
A83: EMP114 | B83: Melissa | C83: Wilson | D83: =_xlfn.TEXTJOIN(" ", TRUE, B83, C83) -> Melissa Wilson | E83: IT02 | F83: 45171 | G83: =VLOOKUP(E83, Lookup_Departments!$A$2:$B$7, 2, FALSE) -> Information Technology | H83: =IFERROR(DATEVALUE(F83), F83) -> 45171 | I83: 83724 | J83: 81 | K83: Resigned | L83: =TRIM(K83) -> Resigned | M83: =ROUNDDOWN(YEARFRAC(H83, TODAY()), 2) &" " & "Years" -> 2.84 Years | N83: =VLOOKUP(J83, Lookup_Performance!$A$2:$D$6, 3, TRUE) -> Achieving | O83: =I83 * VLOOKUP(J83, Lookup_Performance!$A$2:$D$6, 4, TRUE) -> 4186.2
A84: EMP062 | B84: Thomas | C84: Williams | D84: =_xlfn.TEXTJOIN(" ", TRUE, B84, C84) -> Thomas Williams | E84: FIN03 | F84: 44759 | G84: =VLOOKUP(E84, Lookup_Departments!$A$2:$B$7, 2, FALSE) -> Finance | H84: =IFERROR(DATEVALUE(F84), F84) -> 44759 | I84: 98299 | J84: 61 | K84: Active | L84: =TRIM(K84) -> Active | M84: =ROUNDDOWN(YEARFRAC(H84, TODAY()), 2) &" " & "Years" -> 3.96 Years | N84: =VLOOKUP(J84, Lookup_Performance!$A$2:$D$6, 3, TRUE) -> Developing | O84: =I84 * VLOOKUP(J84, Lookup_Performance!$A$2:$D$6, 4, TRUE) -> 1965.98
A85: EMP074 | B85: David | C85: Williams | D85: =_xlfn.TEXTJOIN(" ", TRUE, B85, C85) -> David Williams | E85: FIN03 | F85: 07-Feb-21 | G85: =VLOOKUP(E85, Lookup_Departments!$A$2:$B$7, 2, FALSE) -> Finance | H85: =IFERROR(DATEVALUE(F85), F85) -> 44234 | I85: 83603.93 | J85: 68 | K85: Active | L85: =TRIM(K85) -> Active | M85: =ROUNDDOWN(YEARFRAC(H85, TODAY()), 2) &" " & "Years" -> 5.41 Years | N85: =VLOOKUP(J85, Lookup_Performance!$A$2:$D$6, 3, TRUE) -> Developing | O85: =I85 * VLOOKUP(J85, Lookup_Performance!$A$2:$D$6, 4, TRUE) -> 1672.0786
A86: EMP034 | B86: John | C86: Johnson | D86: =_xlfn.TEXTJOIN(" ", TRUE, B86, C86) -> John Johnson | E86: IT02 | F86: 10/04/2023 | G86: =VLOOKUP(E86, Lookup_Departments!$A$2:$B$7, 2, FALSE) -> Information Technology | H86: =IFERROR(DATEVALUE(F86), F86) -> 45203 | I86: 52287 | J86: 70 | K86: Active | L86: =TRIM(K86) -> Active | M86: =ROUNDDOWN(YEARFRAC(H86, TODAY()), 2) &" " & "Years" -> 2.75 Years | N86: =VLOOKUP(J86, Lookup_Performance!$A$2:$D$6, 3, TRUE) -> Achieving | O86: =I86 * VLOOKUP(J86, Lookup_Performance!$A$2:$D$6, 4, TRUE) -> 2614.35
A87: EMP105 | B87: Richard | C87: Gonzalez | D87: =_xlfn.TEXTJOIN(" ", TRUE, B87, C87) -> Richard Gonzalez | E87: IT02 | F87: 44073 | G87: =VLOOKUP(E87, Lookup_Departments!$A$2:$B$7, 2, FALSE) -> Information Technology | H87: =IFERROR(DATEVALUE(F87), F87) -> 44073 | I87: 82633 | J87: 98 | K87: Active | L87: =TRIM(K87) -> Active | M87: =ROUNDDOWN(YEARFRAC(H87, TODAY()), 2) &" " & "Years" -> 5.85 Years | N87: =VLOOKUP(J87, Lookup_Performance!$A$2:$D$6, 3, TRUE) -> Outstanding | O87: =I87 * VLOOKUP(J87, Lookup_Performance!$A$2:$D$6, 4, TRUE) -> 9915.96
A88: EMP118 | B88: Melissa | C88: Anderson | D88: =_xlfn.TEXTJOIN(" ", TRUE, B88, C88) -> Melissa Anderson | E88: OPS06 | F88: 44422 | G88: =VLOOKUP(E88, Lookup_Departments!$A$2:$B$7, 2, FALSE) -> Operations | H88: =IFERROR(DATEVALUE(F88), F88) -> 44422 | I88: 46508 | J88: 34 | K88: Active | L88: =TRIM(K88) -> Active | M88: =ROUNDDOWN(YEARFRAC(H88, TODAY()), 2) &" " & "Years" -> 4.89 Years | N88: =VLOOKUP(J88, Lookup_Performance!$A$2:$D$6, 3, TRUE) -> Needs Improvement | O88: =I88 * VLOOKUP(J88, Lookup_Performance!$A$2:$D$6, 4, TRUE) -> 0
A89: EMP063 | B89: Emily | C89: Gonzalez | D89: =_xlfn.TEXTJOIN(" ", TRUE, B89, C89) -> Emily Gonzalez | E89: HR01 | F89: 27-Nov-19 | G89: =VLOOKUP(E89, Lookup_Departments!$A$2:$B$7, 2, FALSE) -> Human Resources | H89: =IFERROR(DATEVALUE(F89), F89) -> 43796 | I89: 86232 | J89: 93 | K89: Active | L89: =TRIM(K89) -> Active | M89: =ROUNDDOWN(YEARFRAC(H89, TODAY()), 2) &" " & "Years" -> 6.6 Years | N89: =VLOOKUP(J89, Lookup_Performance!$A$2:$D$6, 3, TRUE) -> Exceeding | O89: =I89 * VLOOKUP(J89, Lookup_Performance!$A$2:$D$6, 4, TRUE) -> 6898.56
A90: EMP094 | B90: Jane | C90: Davis | D90: =_xlfn.TEXTJOIN(" ", TRUE, B90, C90) -> Jane Davis | E90: IT02 | F90: 25-May-17 | G90: =VLOOKUP(E90, Lookup_Departments!$A$2:$B$7, 2, FALSE) -> Information Technology | H90: =IFERROR(DATEVALUE(F90), F90) -> 42880 | I90: 77545 | J90: 48 | K90: Active | L90: =TRIM(K90) -> Active | M90: =ROUNDDOWN(YEARFRAC(H90, TODAY()), 2) &" " & "Years" -> 9.11 Years | N90: =VLOOKUP(J90, Lookup_Performance!$A$2:$D$6, 3, TRUE) -> Needs Improvement | O90: =I90 * VLOOKUP(J90, Lookup_Performance!$A$2:$D$6, 4, TRUE) -> 0
A91: EMP097 | B91: William | C91: Gonzalez | D91: =_xlfn.TEXTJOIN(" ", TRUE, B91, C91) -> William Gonzalez | E91: OPS06 | F91: 43436 | G91: =VLOOKUP(E91, Lookup_Departments!$A$2:$B$7, 2, FALSE) -> Operations | H91: =IFERROR(DATEVALUE(F91), F91) -> 43436 | I91: 68683 | J91: 90 | K91: Active | L91: =TRIM(K91) -> Active | M91: =ROUNDDOWN(YEARFRAC(H91, TODAY()), 2) &" " & "Years" -> 7.59 Years | N91: =VLOOKUP(J91, Lookup_Performance!$A$2:$D$6, 3, TRUE) -> Exceeding | O91: =I91 * VLOOKUP(J91, Lookup_Performance!$A$2:$D$6, 4, TRUE) -> 5494.64
A92: EMP054 | B92: Thomas | C92: Jones | D92: =_xlfn.TEXTJOIN(" ", TRUE, B92, C92) -> Thomas Jones | E92: FIN03 | F92: 43639 | G92: =VLOOKUP(E92, Lookup_Departments!$A$2:$B$7, 2, FALSE) -> Finance | H92: =IFERROR(DATEVALUE(F92), F92) -> 43639 | I92: 83932 | J92: 57 | K92: Left | L92: =TRIM(K92) -> Left | M92: =ROUNDDOWN(YEARFRAC(H92, TODAY()), 2) &" " & "Years" -> 7.03 Years | N92: =VLOOKUP(J92, Lookup_Performance!$A$2:$D$6, 3, TRUE) -> Developing | O92: =I92 * VLOOKUP(J92, Lookup_Performance!$A$2:$D$6, 4, TRUE) -> 1678.64
A93: EMP006 | B93: Jessica | C93: Anderson | D93: =_xlfn.TEXTJOIN(" ", TRUE, B93, C93) -> Jessica Anderson | E93: HR01 | F93: 42304 | G93: =VLOOKUP(E93, Lookup_Departments!$A$2:$B$7, 2, FALSE) -> Human Resources | H93: =IFERROR(DATEVALUE(F93), F93) -> 42304 | I93: 56073 | J93: 79 | K93: Active | L93: =TRIM(K93) -> Active | M93: =ROUNDDOWN(YEARFRAC(H93, TODAY()), 2) &" " & "Years" -> 10.69 Years | N93: =VLOOKUP(J93, Lookup_Performance!$A$2:$D$6, 3, TRUE) -> Achieving | O93: =I93 * VLOOKUP(J93, Lookup_Performance!$A$2:$D$6, 4, TRUE) -> 2803.65
A94: EMP110 | B94: Melissa | C94: Johnson | D94: =_xlfn.TEXTJOIN(" ", TRUE, B94, C94) -> Melissa Johnson | E94: IT02 | F94: 43270 | G94: =VLOOKUP(E94, Lookup_Departments!$A$2:$B$7, 2, FALSE) -> Information Technology | H94: =IFERROR(DATEVALUE(F94), F94) -> 43270 | I94: 88056 | J94: 66 | K94: Active | L94: =TRIM(K94) -> Active | M94: =ROUNDDOWN(YEARFRAC(H94, TODAY()), 2) &" " & "Years" -> 8.04 Years | N94: =VLOOKUP(J94, Lookup_Performance!$A$2:$D$6, 3, TRUE) -> Developing | O94: =I94 * VLOOKUP(J94, Lookup_Performance!$A$2:$D$6, 4, TRUE) -> 1761.12
A95: EMP147 | B95: Thomas | C95: Miller | D95: =_xlfn.TEXTJOIN(" ", TRUE, B95, C95) -> Thomas Miller | E95: OPS06 | F95: 43112 | G95: =VLOOKUP(E95, Lookup_Departments!$A$2:$B$7, 2, FALSE) -> Operations | H95: =IFERROR(DATEVALUE(F95), F95) -> 43112 | I95: 67414 | J95: 84 | K95: Left | L95: =TRIM(K95) -> Left | M95: =ROUNDDOWN(YEARFRAC(H95, TODAY()), 2) &" " & "Years" -> 8.48 Years | N95: =VLOOKUP(J95, Lookup_Performance!$A$2:$D$6, 3, TRUE) -> Achieving | O95: =I95 * VLOOKUP(J95, Lookup_Performance!$A$2:$D$6, 4, TRUE) -> 3370.7
A96: EMP050 | B96: William | C96: Gonzalez | D96: =_xlfn.TEXTJOIN(" ", TRUE, B96, C96) -> William Gonzalez | E96: SAL05 | F96: 42008 | G96: =VLOOKUP(E96, Lookup_Departments!$A$2:$B$7, 2, FALSE) -> Sales | H96: =IFERROR(DATEVALUE(F96), F96) -> 42008 | I96: 115288 | J96: 61 | K96: Active | L96: =TRIM(K96) -> Active | M96: =ROUNDDOWN(YEARFRAC(H96, TODAY()), 2) &" " & "Years" -> 11.5 Years | N96: =VLOOKUP(J96, Lookup_Performance!$A$2:$D$6, 3, TRUE) -> Developing | O96: =I96 * VLOOKUP(J96, Lookup_Performance!$A$2:$D$6, 4, TRUE) -> 2305.76
A97: EMP036 | C97: Smith | D97: =_xlfn.TEXTJOIN(" ", TRUE, B97, C97) -> Smith | E97: SAL05 | F97: 43439 | G97: =VLOOKUP(E97, Lookup_Departments!$A$2:$B$7, 2, FALSE) -> Sales | H97: =IFERROR(DATEVALUE(F97), F97) -> 43439 | I97: 80140 | J97: 58 | K97: Active | L97: =TRIM(K97) -> Active | M97: =ROUNDDOWN(YEARFRAC(H97, TODAY()), 2) &" " & "Years" -> 7.58 Years | N97: =VLOOKUP(J97, Lookup_Performance!$A$2:$D$6, 3, TRUE) -> Developing | O97: =I97 * VLOOKUP(J97, Lookup_Performance!$A$2:$D$6, 4, TRUE) -> 1602.8
A98: EMP081 | B98: John | C98: Johnson | D98: =_xlfn.TEXTJOIN(" ", TRUE, B98, C98) -> John Johnson | E98: IT02 | F98: 44482 | G98: =VLOOKUP(E98, Lookup_Departments!$A$2:$B$7, 2, FALSE) -> Information Technology | H98: =IFERROR(DATEVALUE(F98), F98) -> 44482 | I98: 73087 | J98: 69 | K98: Active | L98: =TRIM(K98) -> Active | M98: =ROUNDDOWN(YEARFRAC(H98, TODAY()), 2) &" " & "Years" -> 4.73 Years | N98: =VLOOKUP(J98, Lookup_Performance!$A$2:$D$6, 3, TRUE) -> Developing | O98: =I98 * VLOOKUP(J98, Lookup_Performance!$A$2:$D$6, 4, TRUE) -> 1461.74
A99: EMP078 | B99: Jane | C99: Johnson | D99: =_xlfn.TEXTJOIN(" ", TRUE, B99, C99) -> Jane Johnson | E99: SAL05 | F99: 44081 | G99: =VLOOKUP(E99, Lookup_Departments!$A$2:$B$7, 2, FALSE) -> Sales | H99: =IFERROR(DATEVALUE(F99), F99) -> 44081 | I99: 95292 | J99: 34 | K99: Active | L99: =TRIM(K99) -> Active | M99: =ROUNDDOWN(YEARFRAC(H99, TODAY()), 2) &" " & "Years" -> 5.83 Years | N99: =VLOOKUP(J99, Lookup_Performance!$A$2:$D$6, 3, TRUE) -> Needs Improvement | O99: =I99 * VLOOKUP(J99, Lookup_Performance!$A$2:$D$6, 4, TRUE) -> 0
A100: EMP035 | B100: John | C100: Jones | D100: =_xlfn.TEXTJOIN(" ", TRUE, B100, C100) -> John Jones | E100: IT02 | F100: 03/08/2019 | G100: =VLOOKUP(E100, Lookup_Departments!$A$2:$B$7, 2, FALSE) -> Information Technology | H100: =IFERROR(DATEVALUE(F100), F100) -> 43532 | I100: 83603.93 | J100: 33 | K100: Active | L100: =TRIM(K100) -> Active | M100: =ROUNDDOWN(YEARFRAC(H100, TODAY()), 2) &" " & "Years" -> 7.32 Years | N100: =VLOOKUP(J100, Lookup_Performance!$A$2:$D$6, 3, TRUE) -> Needs Improvement | O100: =I100 * VLOOKUP(J100, Lookup_Performance!$A$2:$D$6, 4, TRUE) -> 0
A101: EMP047 | B101: Jane | C101: Lopez | D101: =_xlfn.TEXTJOIN(" ", TRUE, B101, C101) -> Jane Lopez | E101: MKT04 | F101: 11-Mar-15 | G101: =VLOOKUP(E101, Lookup_Departments!$A$2:$B$7, 2, FALSE) -> Marketing | H101: =IFERROR(DATEVALUE(F101), F101) -> 42074 | I101: 101750 | J101: 84 | K101: Left | L101: =TRIM(K101) -> Left | M101: =ROUNDDOWN(YEARFRAC(H101, TODAY()), 2) &" " & "Years" -> 11.31 Years | N101: =VLOOKUP(J101, Lookup_Performance!$A$2:$D$6, 3, TRUE) -> Achieving | O101: =I101 * VLOOKUP(J101, Lookup_Performance!$A$2:$D$6, 4, TRUE) -> 5087.5
A102: EMP008 | B102: Melissa | C102: Gonzalez | D102: =_xlfn.TEXTJOIN(" ", TRUE, B102, C102) -> Melissa Gonzalez | E102: MKT04 | F102: 19-Feb-17 | G102: =VLOOKUP(E102, Lookup_Departments!$A$2:$B$7, 2, FALSE) -> Marketing | H102: =IFERROR(DATEVALUE(F102), F102) -> 42785 | I102: 82992 | J102: 79 | K102: Active | L102: =TRIM(K102) -> Active | M102: =ROUNDDOWN(YEARFRAC(H102, TODAY()), 2) &" " & "Years" -> 9.38 Years | N102: =VLOOKUP(J102, Lookup_Performance!$A$2:$D$6, 3, TRUE) -> Achieving | O102: =I102 * VLOOKUP(J102, Lookup_Performance!$A$2:$D$6, 4, TRUE) -> 4149.6
A103: EMP044 | B103: William | C103: Davis | D103: =_xlfn.TEXTJOIN(" ", TRUE, B103, C103) -> William Davis | E103: IT02 | F103: 45055 | G103: =VLOOKUP(E103, Lookup_Departments!$A$2:$B$7, 2, FALSE) -> Information Technology | H103: =IFERROR(DATEVALUE(F103), F103) -> 45055 | I103: 49942 | J103: 51 | K103: Active | L103: =TRIM(K103) -> Active | M103: =ROUNDDOWN(YEARFRAC(H103, TODAY()), 2) &" " & "Years" -> 3.15 Years | N103: =VLOOKUP(J103, Lookup_Performance!$A$2:$D$6, 3, TRUE) -> Developing | O103: =I103 * VLOOKUP(J103, Lookup_Performance!$A$2:$D$6, 4, TRUE) -> 998.84
...

Sheet Lookup_Departments
A1: Dept_Code | B1: Department_Name
A2: HR01 | B2: Human Resources
A3: IT02 | B3: Information Technology
A4: FIN03 | B4: Finance
A5: MKT04 | B5: Marketing
A6: SAL05 | B6: Sales
A7: OPS06 | B7: Operations

Sheet Lookup_Performance
A1: Min_Score | B1: Max_Score | C1: Performance_Band | D1: Bonus_Percentage
A2: 0 | B2: 49 | C2: Needs Improvement | D2: 0
A3: 50 | B3: 69 | C3: Developing | D3: 0.02
A4: 70 | B4: 84 | C4: Achieving | D4: 0.05
A5: 85 | B5: 94 | C5: Exceeding | D5: 0.08
A6: 95 | B6: 100 | C6: Outstanding | D6: 0.12

Sheet Analysis1
A2: Head Count and Average Salary by Department
A3: Row Labels | B3: Count of Emp ID | C3: Average of Salary | F3: Count of Emp ID | G3: Sum of Salary | H3: Average of Salary | I3: Average of Perf_Score | J3: Sum of Eligible Bonus Amount
A4: Finance | B4: 17 | C4: 87173.576 | F4: 150 | G4: 12540590 | H4: 83603.931 | I4: 68.0776 | J4: 486911.14
A5: Human Resources | B5: 18 | C5: 85536.274
A6: Information Technology | B6: 36 | C6: 80512.824
A7: Marketing | B7: 19 | C7: 85407.944
A8: Operations | B8: 29 | C8: 80049.926 | I8: Row Labels | J8: Count of Emp ID
A9: Sales | B9: 31 | C9: 86333.079 | I9: Active | J9: 116
A10: Grand Total | B10: 150 | C10: 83603.931 | I10: Left | J10: 24
I11: Resigned | J11: 10
I12: Grand Total | J12: 150
A14: Attrition rate by Department
A15: Count of Emp ID | B15: Column Labels
A16: Row Labels | B16: Active | C16: Left | D16: Resigned | E16: Grand Total | F16: Attrition Rate
A17: Finance | B17: 14 | C17: 3 | E17: 17 | F17: =C17/E17 -> 0.17647059
A18: Human Resources | B18: 15 | C18: 2 | D18: 1 | E18: 18 | F18: =C18/E18 -> 0.11111111
A19: Information Technology | B19: 28 | C19: 6 | D19: 2 | E19: 36 | F19: =C19/E19 -> 0.16666667
A20: Marketing | B20: 16 | C20: 3 | E20: 19 | F20: =C20/E20 -> 0.15789474 | H20: Num of Dept | I20: =A60 -> 0
A21: Operations | B21: 18 | C21: 6 | D21: 5 | E21: 29 | F21: =C21/E21 -> 0.20689655 | H21: Attrition Rate | I21: =K39 -> 0.21601882
A22: Sales | B22: 25 | C22: 4 | D22: 2 | E22: 31 | F22: =C22/E22 -> 0.12903226 | H22: Active Employees | I22: =J9 -> 116
A23: Grand Total | B23: 116 | C23: 24 | D23: 10 | E23: 150 | F23: =AVERAGE(F17:F22) -> 0.15801199 | H23: Left Employees | I23: =J10 -> 24
H24: Resigned Employess | I24: =J11 -> 10
H25: Total Employees | I25: =F4 -> 150
H26: Total Salaries | I26: =G4 -> 12540590
A27: Average Performance Score | H27: Average Salary | I27: =H4 -> 83603.931
A28: Row Labels | B28: Average of Perf_Score | H28: Perf Score | I28: =I4 -> 68.0776
A29: Active | B29: 67.746207 | H29: Total Bonus | I29: =J4 -> 486911.14
A30: Left | B30: 66.211667
A31: Resigned | B31: 76.4
A32: Grand Total | B32: 68.0776 | H32: Departments | I32: Total Exits | J32: Grand Total | K32: Attrition Rate
H33: Finance | I33: =SUM(C17:D17) -> 3 | J33: 17 | K33: =I33/J33 -> 0.17647059
H34: Human Resources | I34: =SUM(C18:D18) -> 3 | J34: 18 | K34: =I34/J34 -> 0.16666667
H35: Information Technology | I35: =SUM(C19:D19) -> 8 | J35: 36 | K35: =I35/J35 -> 0.22222222
A36: Bonus Payout by Performance | H36: Marketing | I36: =SUM(C20:D20) -> 3 | J36: 19 | K36: =I36/J36 -> 0.15789474
A37: Row Labels | B37: Sum of Eligible Bonus Amount | H37: Operations | I37: =SUM(C21:D21) -> 11 | J37: 29 | K37: =I37/J37 -> 0.37931034
A38: Achieving | B38: 165216.93 | H38: Sales | I38: =SUM(C22:D22) -> 6 | J38: 31 | K38: =I38/J38 -> 0.19354839
A39: Developing | B39: 84593.269 | K39: =AVERAGE(Table3[Attrition Rate]) -> 0.21601882
A40: Exceeding | B40: 144689.43
A41: Needs Improvement | B41: 0
A42: Outstanding | B42: 92411.512
A43: Grand Total | B43: 486911.14
A47: Row Labels | B47: Sum of Salary | D47: Row Labels | E47: Count of Emp ID | G47: Row Labels | H47: Average of Salary
A48: Finance | B48: 1481950.8 | D48: Finance | E48: 17 | G48: Finance | H48: 87173.576
A49: Human Resources | B49: 1539652.9 | D49: Human Resources | E49: 18 | G49: Human Resources | H49: 85536.274
A50: Information Technology | B50: 2898461.7 | D50: Information Technology | E50: 36 | G50: Information Technology | H50: 80512.824
A51: Marketing | B51: 1622750.9 | D51: Marketing | E51: 19 | G51: Marketing | H51: 85407.944
A52: Operations | B52: 2321447.9 | D52: Operations | E52: 29 | G52: Operations | H52: 80049.926
A53: Sales | B53: 2676325.4 | D53: Sales | E53: 31 | G53: Sales | H53: 86333.079
A54: Grand Total | B54: 12540590 | D54: Grand Total | E54: 150 | G54: Grand Total | H54: 83603.931

Sheet HR Dashboard
